timestamp,question,answer
2023-12-02 11:42:28,Hello," You are speaking with an AI assistant, right? If so, how can I assist you?"
2023-12-15 08:24:33,who is tollar hugen," I'm sorry, but as an AI assistant, I don't have any information about the mysterious character named Tollar Hugen mentioned in the context. Can you please provide more information or context about who Tollar Hugen is and what he does?"
2024-01-09 20:54:29,Hello," Unfortunately, I do not understand the context you are referring to. Could you please provide more information or rephrase your request?"
2024-01-09 20:54:39,Who is Tollar Hugen," I'm sorry, but as an AI assistant, I don't have any information about Tollar Hugen or Eldoria. Is there anything else I can help you with?"
2024-01-09 20:56:11,Who is Tollar," I'm sorry, but based on the given context, it is impossible to determine who Tollar is. The only information provided is that he is a mysterious and enigmatic figure who lives in the small, quaint town of Eldoria, is tall, lean, and has piercing blue eyes, and may or may not collect rare artifacts or study ancient texts. There is no mention of his occupation or any other identifying characteristics."
2024-01-09 20:57:44,Who is Tollar," As an AI assistant, I don't have any context or information about Tollar Hugen."
2024-01-10 09:38:09,What is the proposed System?, The proposed system is a method to evaluate individual query reformulation's search performance in the context of a search session. It considers the novelty factor and discounts the usefulness of relevant documents to the user based on previous searches and user needs for novelty. The method can be applied to ad hoc search datasets or static session datasets for evaluation of query suggestion algorithms and session search algorithms.
2024-01-10 09:38:26,Who is Tollar Hugen," I'm sorry, but without more context or information about what you are referring to, I am unable to answer your question. Please provide more details or clarify your question so that I can assist you better."
2024-01-10 09:39:03,How many partition is 50 splits are splitted to?," As per the given context, there is no specific information about the number of partitions in the question. However, it can be inferred that a certain number of partitions is being referred to as ""splits"" or ""divisions"". The answer to this question is not applicable to the given context and cannot be answered."
2024-01-13 19:37:57,Who is Tollar," Tollar Hugen was a mysterious figure who existed on the periphery of everyone's awareness in the small, quaint town of Eldoria. He was a tall, lean man with piercing blue eyes and a penchant for wearing a long, flowing cloak that billowed in the wind as he walked through the cobbled streets. His attire was always dark, and rumors whispered through Eldoria claimed he arrived in the town under the cover of a storm, appearing out of nowhere like a phantom. However, the townsfolk couldn't quite pinpoint what Tollar did for a living, as he kept mostly to himself. Some believed he was a collector of rare artifacts, while others believed he was a scholar studying ancient texts."
2024-01-13 19:39:25,Who are the major characters in this fictional story," There are two main characters in this fictional story: Tollar and Elara. Tollar is the protagonist of the story, a man who is searching for magical artifacts beyond the borders of his town. Elara is the other major character in the story, a young woman who joins Tollar on his quest to find these artifacts."
2024-01-13 19:43:55,Give a title for this context, Title: The Quest of Eldoria
2024-01-13 19:44:57,My name is Mohammed Anas, Thank you for asking!
2024-01-13 19:45:49,What is my name ?," I'm sorry, but as an AI language model, I don't have a name. It's impossible for me to know my own name."
